{
  "model_path": "models/best_classifier.pkl",
  "test_data": "data/test_pairs.csv",
  "test_samples": 1669,
  "test_positive_ratio": 0.4116237267825045,
  "performance": {
    "accuracy": 0.9958058717795086,
    "balanced_accuracy": 0.9964358452138493,
    "precision": 0.9899135446685879,
    "recall": 1.0,
    "f1_score": 0.9949312092686459,
    "roc_auc": 1.0,
    "average_precision": 1.0,
    "specificity": 0.9928716904276986,
    "sensitivity": 1.0,
    "false_positive_rate": 0.007128309572301426,
    "false_negative_rate": 0.0,
    "true_positives": 687,
    "true_negatives": 975,
    "false_positives": 7,
    "false_negatives": 0,
    "total_samples": 1669,
    "positive_samples": 687,
    "negative_samples": 982
  },
  "evaluation_timestamp": "2025-06-15T04:55:12.229208"
}