,accuracy,precision,recall,f1_score,n_samples,avg_probability,positive_ratio
Medium Similarity,0.0,0.0,0.0,0.0,981.0,0.5003723072592514,0.0
High Similarity,0.998546511627907,0.998546511627907,1.0,0.9992727272727273,688.0,0.7310580679670323,0.998546511627907
